id,first_name,last_name,email,gender,money
1,Tandie,Maccari,tmaccari0@bbb.org,Female,$25.57
2,Hyman,Itzcak,hitzcak1@flickr.com,Male,$92.64
3,Casper,MacNaughton,cmacnaughton2@dropbox.com,Male,$69.79
4,Philly,Creyke,pcreyke3@about.com,Female,$36.96
5,Tabina,Scole,tscole4@storify.com,Female,$63.15
6,Johannah,Mereweather,jmereweather5@multiply.com,Female,$15.95
7,Fern,Fulk,ffulk6@mtv.com,Female,$96.18
8,Lorant,Bownde,lbownde7@accuweather.com,Male,$28.31
9,Arny,Clitsome,aclitsome8@census.gov,Male,$85.11
10,Holt,Palfreeman,hpalfreeman9@ibm.com,Male,$83.63
11,Candy,Nozzolii,cnozzoliia@multiply.com,Female,$89.81
12,Patin,Belsher,pbelsherb@aol.com,Male,$47.90
13,Farrell,Trassler,ftrasslerc@hc360.com,Male,$69.00
14,Valina,Revey,vreveyd@discovery.com,Female,$58.84
15,D'arcy,Lambotin,dlambotine@alibaba.com,Male,$25.99
16,Arney,Anthonies,aanthoniesf@skype.com,Male,$39.52
17,Julieta,Durdan,jdurdang@about.com,Bigender,$35.98
18,Phillie,Conford,pconfordh@nytimes.com,Female,$9.05
19,Cyrill,Wimlett,cwimletti@com.com,Male,$40.64
20,Yvon,Conkie,yconkiej@squarespace.com,Male,$88.54
21,Brook,Brachell,bbrachellk@yale.edu,Female,$4.33
22,Nat,Margery,nmargeryl@china.com.cn,Male,$39.34
23,Sibeal,Bywater,sbywaterm@cafepress.com,Female,$74.49
24,Aylmer,Rauprich,arauprichn@exblog.jp,Male,$4.88
25,Rhona,Chaplin,rchaplino@ed.gov,Female,$45.28
26,Corbie,Kemston,ckemstonp@nasa.gov,Polygender,$33.91
27,Melva,FitzAlan,mfitzalanq@sakura.ne.jp,Female,$56.96
28,Jasmina,Cisco,jciscor@1und1.de,Agender,$54.37
29,Kim,Flores,kfloress@dion.ne.jp,Male,$12.42
30,Hobie,O'Shirine,hoshirinet@gmpg.org,Male,$19.62
31,Damian,Chilton,dchiltonu@google.com.br,Male,$14.18
32,Spike,Applin,sapplinv@ow.ly,Male,$10.56
33,Evelyn,Stiven,estivenw@google.pl,Female,$7.26
34,Aluino,Adlem,aadlemx@fda.gov,Male,$63.33
35,Evangelina,Slowgrove,eslowgrovey@dedecms.com,Female,$92.63
36,Denice,Bruckent,dbruckentz@multiply.com,Female,$43.10
37,Lambert,McGlew,lmcglew10@wix.com,Male,$53.49
38,Townsend,Ather,tather11@squidoo.com,Male,$45.94
39,Shelton,Kembry,skembry12@infoseek.co.jp,Male,$26.45
40,Evonne,Cammomile,ecammomile13@yahoo.co.jp,Female,$62.11
41,Amble,Falconar,afalconar14@163.com,Male,$34.77
42,Diena,Lethebridge,dlethebridge15@oakley.com,Female,$67.45
43,Mordy,Raun,mraun16@naver.com,Male,$75.04
44,Filippo,Muscat,fmuscat17@slate.com,Male,$31.99
45,Richie,Crowcombe,rcrowcombe18@nbcnews.com,Male,$17.01
46,Taite,Yakutin,tyakutin19@cnet.com,Male,$76.81
47,Mose,Iacofo,miacofo1a@whitehouse.gov,Male,$38.13
48,Panchito,Dudley,pdudley1b@businessweek.com,Male,$83.07
49,Ibby,Aspall,iaspall1c@unc.edu,Female,$27.78
50,Blayne,Tropman,btropman1d@pagesperso-orange.fr,Male,$66.40
51,Konrad,Garahan,kgarahan1e@angelfire.com,Male,$89.37
52,Fitz,Spain,fspain1f@phpbb.com,Male,$22.92
53,Dene,Coleiro,dcoleiro1g@nymag.com,Male,$17.17
54,Marne,Boughton,mboughton1h@netvibes.com,Non-binary,$15.04
55,Pooh,McCahill,pmccahill1i@google.nl,Male,$35.14
56,Kirstyn,Newlove,knewlove1j@salon.com,Non-binary,$22.65
57,Far,Dunleavy,fdunleavy1k@fotki.com,Male,$42.48
58,Edwin,Pentycost,epentycost1l@nbcnews.com,Male,$99.66
59,Amye,Kienl,akienl1m@unesco.org,Female,$99.93
60,Lamond,Inger,linger1n@telegraph.co.uk,Non-binary,$96.52
61,Gualterio,Loggie,gloggie1o@webnode.com,Male,$10.00
62,Anette,Gladtbach,agladtbach1p@myspace.com,Female,$6.40
63,Bud,Rix,brix1q@intel.com,Polygender,$75.26
64,Gerome,Annear,gannear1r@topsy.com,Male,$28.32
65,Dianemarie,Dan,ddan1s@plala.or.jp,Female,$39.47
66,Kirbie,Pearson,kpearson1t@netscape.com,Bigender,$90.17
67,Gwendolyn,Barehead,gbarehead1u@cpanel.net,Female,$9.41
68,Kevin,Sapsforde,ksapsforde1v@psu.edu,Male,$29.76
69,Howie,Denis,hdenis1w@soup.io,Bigender,$24.70
70,Marnie,Swayne,mswayne1x@studiopress.com,Female,$57.58
71,Stacy,Firle,sfirle1y@ft.com,Male,$5.80
72,Martha,Brocks,mbrocks1z@google.com.hk,Female,$58.42
73,Yanaton,Balasin,ybalasin20@chron.com,Male,$41.22
74,Krissie,Creighton,kcreighton21@army.mil,Female,$10.34
75,Jilleen,Grenshiels,jgrenshiels22@vistaprint.com,Female,$59.23
76,Ravi,Chicco,rchicco23@dell.com,Male,$39.91
77,Archibald,Bernli,abernli24@slashdot.org,Male,$73.76
78,Samaria,Chamberlaine,schamberlaine25@fema.gov,Female,$3.04
79,Page,Dungey,pdungey26@ed.gov,Female,$53.25
80,Gordy,Merrigans,gmerrigans27@jalbum.net,Non-binary,$98.97
81,Cullan,Cullen,ccullen28@hexun.com,Male,$37.34
82,Ailbert,Stithe,astithe29@dyndns.org,Male,$50.76
83,Edyth,Kear,ekear2a@simplemachines.org,Female,$19.28
84,Frederich,Hathway,fhathway2b@1688.com,Male,$86.25
85,Heath,Thomel,hthomel2c@hc360.com,Male,$36.08
86,Abagail,Greg,agreg2d@tmall.com,Female,$59.06
87,Rebekkah,Stears,rstears2e@hud.gov,Female,$23.96
88,Alyda,Rann,arann2f@ftc.gov,Female,$60.47
89,Caryn,Gilhouley,cgilhouley2g@europa.eu,Female,$2.49
90,Jody,Woodstock,jwoodstock2h@paypal.com,Male,$50.28
91,Gino,Guichard,gguichard2i@cbslocal.com,Male,$26.45
92,Jon,Gasking,jgasking2j@goodreads.com,Male,$80.25
93,Saundra,Wearn,swearn2k@msu.edu,Female,$24.85
94,Gamaliel,Clemens,gclemens2l@uol.com.br,Male,$70.54
95,Carolina,Breewood,cbreewood2m@archive.org,Female,$40.60
96,Lexis,Girkins,lgirkins2n@reverbnation.com,Female,$63.01
97,Earvin,Reisin,ereisin2o@people.com.cn,Male,$1.96
98,Marsh,Scahill,mscahill2p@1688.com,Genderqueer,$23.02
99,Clarabelle,Heimes,cheimes2q@photobucket.com,Female,$33.94
100,Clyve,Parmeter,cparmeter2r@mit.edu,Male,$85.70
101,Richard,Silverthorn,rsilverthorn2s@chicagotribune.com,Male,$82.03
102,Orson,Cassella,ocassella2t@bbc.co.uk,Male,$64.85
103,Damaris,Morshead,dmorshead2u@apple.com,Female,$73.72
104,Werner,Chastenet,wchastenet2v@microsoft.com,Non-binary,$80.56
105,Morrie,Birdwistle,mbirdwistle2w@youtube.com,Bigender,$12.90
106,Grete,Antoshin,gantoshin2x@com.com,Female,$38.57
107,Madalyn,Faithfull,mfaithfull2y@google.it,Female,$67.34
108,Wendi,Nix,wnix2z@prlog.org,Genderfluid,$33.19
109,Winni,Blanckley,wblanckley30@mediafire.com,Female,$63.65
110,Torrance,Scandred,tscandred31@amazon.de,Male,$94.00
111,Ruthe,Alliot,ralliot32@sbwire.com,Female,$8.92
112,Ara,Sowersby,asowersby33@ameblo.jp,Male,$84.93
113,Reynolds,Elphee,relphee34@wp.com,Male,$81.73
114,Carey,Buske,cbuske35@stumbleupon.com,Female,$44.50
115,Gilberto,Feldharker,gfeldharker36@npr.org,Male,$24.84
116,Mariquilla,Bowdler,mbowdler37@mtv.com,Female,$76.90
117,Shaylyn,Bestwerthick,sbestwerthick38@aboutads.info,Female,$39.29
118,Angelle,Craigmyle,acraigmyle39@oaic.gov.au,Female,$90.14
119,Karrah,Rudkin,krudkin3a@admin.ch,Female,$15.65
120,Bridgette,Ottewill,bottewill3b@symantec.com,Female,$51.48
121,Merry,Brockington,mbrockington3c@timesonline.co.uk,Male,$0.78
122,Wilfrid,Acom,wacom3d@instagram.com,Male,$9.55
123,Rasla,Heyfield,rheyfield3e@scribd.com,Female,$53.13
124,Ana,Haining,ahaining3f@google.nl,Female,$36.32
125,Karlens,Verrall,kverrall3g@blog.com,Male,$99.57
126,Rosaline,McNerlin,rmcnerlin3h@hc360.com,Female,$33.90
127,Desi,Rymour,drymour3i@dell.com,Male,$93.82
128,Sutherlan,Mander,smander3j@si.edu,Male,$34.96
129,Yves,Cherry,ycherry3k@google.ru,Male,$31.88
130,Cedric,Dimsdale,cdimsdale3l@soup.io,Male,$93.89
131,Lyndel,Lomasney,llomasney3m@elegantthemes.com,Female,$20.63
132,Derwin,Wickardt,dwickardt3n@sakura.ne.jp,Male,$39.41
133,Maribeth,Kupke,mkupke3o@merriam-webster.com,Female,$90.48
134,Sebastian,Fell,sfell3p@dion.ne.jp,Male,$24.79
135,Susanetta,Yakovitch,syakovitch3q@state.gov,Agender,$59.98
136,Danni,Beek,dbeek3r@jimdo.com,Female,$91.52
137,Kesley,Turnpenny,kturnpenny3s@dailymotion.com,Female,$47.22
138,Alexio,Tuffell,atuffell3t@odnoklassniki.ru,Male,$7.52
139,Rufus,Trayte,rtrayte3u@addthis.com,Male,$41.53
140,Arch,Magnar,amagnar3v@ibm.com,Male,$32.43
141,Melisent,Laurencot,mlaurencot3w@feedburner.com,Female,$19.07
142,Margarethe,Dillet,mdillet3x@mozilla.com,Female,$79.08
143,Gamaliel,Bestall,gbestall3y@yahoo.com,Male,$9.17
144,Grenville,Breslane,gbreslane3z@ucoz.ru,Male,$2.77
145,Hynda,Jarmyn,hjarmyn40@addthis.com,Female,$22.74
146,Rozamond,Fasset,rfasset41@sourceforge.net,Female,$43.68
147,Penny,Ibanez,pibanez42@fema.gov,Female,$15.63
148,Shel,Frick,sfrick43@twitpic.com,Female,$89.11
149,Fredericka,McIlvaney,fmcilvaney44@miibeian.gov.cn,Female,$53.63
150,Tiphanie,Jays,tjays45@answers.com,Bigender,$74.18
151,Katharyn,Anders,kanders46@cdc.gov,Polygender,$67.26
152,Dur,Krikorian,dkrikorian47@timesonline.co.uk,Male,$89.80
153,Shelton,Vaissiere,svaissiere48@techcrunch.com,Male,$4.23
154,Mireielle,Orys,morys49@canalblog.com,Female,$28.05
155,Tobit,Voisey,tvoisey4a@marriott.com,Male,$73.50
156,Belle,Radley,bradley4b@constantcontact.com,Female,$36.65
157,Dania,Hartles,dhartles4c@admin.ch,Female,$88.04
158,Meryl,Quartermaine,mquartermaine4d@newyorker.com,Female,$43.60
159,Franky,Pilger,fpilger4e@geocities.com,Polygender,$34.62
160,Sheree,Raraty,sraraty4f@reference.com,Female,$90.48
161,Deborah,Caulier,dcaulier4g@soup.io,Female,$20.01
162,Sib,Nottram,snottram4h@state.gov,Female,$62.14
163,Mead,Harragin,mharragin4i@over-blog.com,Female,$47.59
164,Evin,Reijmers,ereijmers4j@example.com,Male,$94.95
165,Greg,MacAdam,gmacadam4k@miitbeian.gov.cn,Male,$27.05
166,Maryl,Hallan,mhallan4l@tinypic.com,Female,$5.08
167,Reynard,McWhorter,rmcwhorter4m@ftc.gov,Male,$65.73
168,Edeline,Baal,ebaal4n@purevolume.com,Female,$69.40
169,Meridith,Vaud,mvaud4o@comcast.net,Female,$81.41
170,Darrel,Falkus,dfalkus4p@naver.com,Male,$14.57
171,Donnamarie,Grunnill,dgrunnill4q@earthlink.net,Female,$36.68
172,Edvard,Treske,etreske4r@va.gov,Genderqueer,$62.21
173,Fowler,Feild,ffeild4s@tinyurl.com,Male,$11.33
174,Ignaz,Burnett,iburnett4t@weather.com,Male,$32.72
175,Jana,Bowland,jbowland4u@hp.com,Female,$90.53
176,Veradis,Stegers,vstegers4v@umn.edu,Female,$81.53
177,Rayshell,Christofe,rchristofe4w@narod.ru,Female,$21.69
178,Nickolas,Bunney,nbunney4x@mapy.cz,Male,$56.17
179,Harper,Driussi,hdriussi4y@netvibes.com,Polygender,$60.35
180,Nickolai,Eakins,neakins4z@pagesperso-orange.fr,Male,$56.75
181,Farr,Hebden,fhebden50@alibaba.com,Male,$55.19
182,Sharia,Ring,sring51@facebook.com,Female,$78.74
183,Nolly,Blann,nblann52@jigsy.com,Male,$23.35
184,Arny,Schoenfisch,aschoenfisch53@dell.com,Male,$93.30
185,Jorry,Haskett,jhaskett54@1688.com,Female,$49.84
186,Jordanna,McCaster,jmccaster55@blogtalkradio.com,Female,$42.05
187,Sheelagh,Spyvye,sspyvye56@paginegialle.it,Agender,$43.86
188,Violet,O'Grada,vograda57@qq.com,Female,$30.75
189,Vivyanne,Maken,vmaken58@blinklist.com,Agender,$54.27
190,Jaquith,Elwood,jelwood59@auda.org.au,Genderqueer,$23.67
191,Elmira,Muat,emuat5a@wikimedia.org,Female,$53.85
192,Dunstan,Tyrie,dtyrie5b@t.co,Male,$88.43
193,Shannen,Ryott,sryott5c@salon.com,Female,$79.03
194,Doralia,Whitney,dwhitney5d@bing.com,Female,$59.90
195,Candace,Galton,cgalton5e@squarespace.com,Female,$57.74
196,Barbabra,Leaton,bleaton5f@ovh.net,Female,$86.94
197,Beau,Chmarny,bchmarny5g@123-reg.co.uk,Male,$72.85
198,Rayna,Yosselevitch,ryosselevitch5h@trellian.com,Female,$35.60
199,Nikos,Naile,nnaile5i@mtv.com,Male,$75.12
200,Norris,Archdeckne,narchdeckne5j@disqus.com,Male,$68.26
201,Kylie,Mulhill,kmulhill5k@boston.com,Male,$14.73
202,Larina,Bradane,lbradane5l@sphinn.com,Female,$95.71
203,Hebert,Hymor,hhymor5m@cloudflare.com,Male,$11.05
204,Myron,Huntar,mhuntar5n@bloomberg.com,Male,$11.40
205,Olivie,Canavan,ocanavan5o@nymag.com,Female,$58.68
206,Daffie,Pinxton,dpinxton5p@comcast.net,Female,$66.43
207,Helyn,Stoven,hstoven5q@jalbum.net,Female,$48.88
208,Monti,Van Oort,mvanoort5r@oracle.com,Male,$31.93
209,Elizabet,Gayle,egayle5s@xrea.com,Female,$58.30
210,Desmund,Clawe,dclawe5t@squidoo.com,Male,$3.19
211,Hamilton,MacKenzie,hmackenzie5u@4shared.com,Male,$66.94
212,Gratia,Buckett,gbuckett5v@timesonline.co.uk,Female,$83.51
213,Ashil,Borman,aborman5w@edublogs.org,Female,$34.86
214,Mack,Eagland,meagland5x@prlog.org,Male,$81.46
215,Anna-diana,Bruckstein,abruckstein5y@myspace.com,Female,$86.44
216,Fannie,Boarer,fboarer5z@infoseek.co.jp,Agender,$88.05
217,Miriam,Wavish,mwavish60@wikimedia.org,Female,$70.32
218,Markos,Copcott,mcopcott61@ustream.tv,Male,$72.31
219,Brooks,Norville,bnorville62@surveymonkey.com,Female,$87.96
220,Carley,Birdfield,cbirdfield63@taobao.com,Female,$42.41
221,Angel,Bristo,abristo64@1und1.de,Bigender,$51.88
222,Fields,Hilldrop,fhilldrop65@ibm.com,Male,$40.56
223,Justinn,Dinsale,jdinsale66@cnbc.com,Female,$64.76
224,Derk,Oleszkiewicz,doleszkiewicz67@prlog.org,Male,$90.99
225,Daron,Dorre,ddorre68@sfgate.com,Female,$88.56
226,Sabra,Kehoe,skehoe69@irs.gov,Female,$41.68
227,Garey,Sperrett,gsperrett6a@hubpages.com,Male,$57.33
228,Rana,Flacke,rflacke6b@elegantthemes.com,Female,$80.70
229,Justis,Salmons,jsalmons6c@theglobeandmail.com,Male,$22.32
230,Ario,Vinas,avinas6d@japanpost.jp,Male,$56.64
231,Claudia,Wakefield,cwakefield6e@amazon.co.jp,Female,$55.80
232,Estrellita,Cissen,ecissen6f@tinyurl.com,Bigender,$17.83
233,Kevan,Nevill,knevill6g@opensource.org,Male,$13.88
234,Allis,Ridoutt,aridoutt6h@furl.net,Non-binary,$78.08
235,Chic,Farnfield,cfarnfield6i@freewebs.com,Male,$56.28
236,Holly-anne,Fulford,hfulford6j@uiuc.edu,Bigender,$9.27
237,Abdel,Vinsen,avinsen6k@fema.gov,Male,$63.05
238,Vance,Brame,vbrame6l@nih.gov,Male,$57.64
239,Carmelia,Tirrey,ctirrey6m@java.com,Female,$71.69
240,Trenton,Brager,tbrager6n@quantcast.com,Male,$11.78
241,Breena,Creber,bcreber6o@berkeley.edu,Female,$36.59
242,Janot,Cranmor,jcranmor6p@hhs.gov,Female,$40.98
243,Melli,Isenor,misenor6q@squarespace.com,Female,$22.26
244,Lorin,Screen,lscreen6r@economist.com,Male,$93.15
245,Horton,Gatcliff,hgatcliff6s@state.tx.us,Male,$84.52
246,Armand,Dargan,adargan6t@jalbum.net,Male,$30.51
247,Phip,Folland,pfolland6u@sciencedaily.com,Male,$50.72
248,Marius,Beck,mbeck6v@lulu.com,Male,$56.54
249,Chevalier,Melbourn,cmelbourn6w@creativecommons.org,Male,$30.60
250,Gilberto,Grund,ggrund6x@arstechnica.com,Male,$21.82
251,Helge,Elves,helves6y@amazon.com,Female,$93.84
252,Robb,Atwood,ratwood6z@cdbaby.com,Male,$18.49
253,Rik,Duffield,rduffield70@squidoo.com,Male,$9.19
254,Harper,McMorran,hmcmorran71@etsy.com,Male,$38.31
255,Arne,Farney,afarney72@netlog.com,Male,$17.83
256,Isaiah,Vouls,ivouls73@360.cn,Male,$18.40
257,Isidora,Durnall,idurnall74@mayoclinic.com,Female,$80.01
258,Taddeusz,De'Vere - Hunt,tdeverehunt75@dion.ne.jp,Male,$93.43
259,Urbanus,Elcome,uelcome76@sogou.com,Male,$92.79
260,Chickie,Kubyszek,ckubyszek77@creativecommons.org,Female,$75.11
261,Ibrahim,Oles,ioles78@symantec.com,Male,$93.68
262,Rodd,Burlingame,rburlingame79@economist.com,Male,$38.82
263,Page,Semeradova,psemeradova7a@amazon.co.jp,Female,$14.16
264,Thedric,Mankor,tmankor7b@smh.com.au,Bigender,$4.77
265,Carr,Wyeld,cwyeld7c@newsvine.com,Male,$37.60
266,Maggee,Willman,mwillman7d@homestead.com,Female,$34.93
267,Teirtza,Gouck,tgouck7e@umn.edu,Female,$22.22
268,Lilia,Cisland,lcisland7f@dot.gov,Female,$65.27
269,Noelani,Tomaskunas,ntomaskunas7g@opera.com,Female,$37.42
270,Evangelina,Yegorshin,eyegorshin7h@spotify.com,Female,$20.58
271,Glyn,Pashby,gpashby7i@woothemes.com,Female,$55.85
272,Chere,MacVay,cmacvay7j@storify.com,Female,$28.27
273,Carolann,Amorts,camorts7k@miitbeian.gov.cn,Female,$81.64
274,Lefty,Bonnesen,lbonnesen7l@a8.net,Male,$86.99
275,Adrea,Madden,amadden7m@adobe.com,Female,$69.88
276,Sibel,Feak,sfeak7n@paypal.com,Female,$49.61
277,Korry,Tuckwell,ktuckwell7o@about.com,Female,$69.14
278,Ollie,Dike,odike7p@yahoo.com,Female,$8.15
279,Layla,Herety,lherety7q@wufoo.com,Female,$39.40
280,Shanna,Gowrich,sgowrich7r@patch.com,Female,$34.08
281,Laney,Gilliam,lgilliam7s@digg.com,Female,$13.43
282,Nikolaus,Eveling,neveling7t@usatoday.com,Male,$69.00
283,Neal,Toopin,ntoopin7u@oracle.com,Genderfluid,$92.26
284,Waylin,Drinkhill,wdrinkhill7v@webeden.co.uk,Male,$7.51
285,Mufinella,Possa,mpossa7w@freewebs.com,Female,$98.44
286,Damita,Bellwood,dbellwood7x@behance.net,Female,$54.27
287,Alleen,Bewley,abewley7y@scribd.com,Female,$54.42
288,Orlan,Matuszewski,omatuszewski7z@youtube.com,Male,$55.97
289,Denni,Bangley,dbangley80@loc.gov,Female,$35.79
290,Ignaz,Kuschke,ikuschke81@51.la,Male,$48.23
291,Lou,Fleay,lfleay82@theatlantic.com,Female,$13.28
292,Darn,Domingues,ddomingues83@nymag.com,Male,$41.37
293,Enrika,Gillingwater,egillingwater84@google.fr,Female,$17.51
294,Rutledge,MacBain,rmacbain85@auda.org.au,Male,$74.97
295,Thoma,Roncelli,troncelli86@fda.gov,Male,$45.81
296,Clarinda,Smogur,csmogur87@home.pl,Female,$28.61
297,Paton,Gypson,pgypson88@fastcompany.com,Male,$99.74
298,Basilius,Muehle,bmuehle89@bbc.co.uk,Male,$94.22
299,Allie,Gould,agould8a@smugmug.com,Male,$81.39
300,Ricca,Bonanno,rbonanno8b@upenn.edu,Female,$39.41
301,Josy,Pratchett,jpratchett8c@typepad.com,Genderqueer,$32.55
302,Lorelei,Castagnet,lcastagnet8d@msu.edu,Female,$77.48
303,Ravid,Strut,rstrut8e@japanpost.jp,Bigender,$9.50
304,Mohandas,Eskriet,meskriet8f@smh.com.au,Male,$4.13
305,Cathie,Gillooly,cgillooly8g@google.com,Female,$12.61
306,Nico,Treversh,ntreversh8h@slideshare.net,Male,$92.58
307,Rabi,Laughtisse,rlaughtisse8i@mozilla.com,Male,$53.93
308,Jessika,Breddy,jbreddy8j@123-reg.co.uk,Female,$52.41
309,Randal,Rehm,rrehm8k@utexas.edu,Male,$94.23
310,Rozalie,Portinari,rportinari8l@unicef.org,Female,$80.98
311,Lauree,Barwick,lbarwick8m@meetup.com,Female,$90.69
312,Keenan,Sponton,ksponton8n@godaddy.com,Male,$51.33
313,Kanya,Ginley,kginley8o@ning.com,Polygender,$21.69
314,Juanita,Purtell,jpurtell8p@apache.org,Female,$43.82
315,Tucker,Larmet,tlarmet8q@list-manage.com,Male,$96.18
316,Charlena,Glancey,cglancey8r@wufoo.com,Female,$83.93
317,Dulcea,Chaize,dchaize8s@friendfeed.com,Female,$86.73
318,Cleavland,Tibbles,ctibbles8t@nyu.edu,Male,$22.63
319,Ludovika,Brooksbank,lbrooksbank8u@toplist.cz,Female,$42.76
320,Hyacintha,Aspall,haspall8v@vk.com,Female,$47.21
321,Mikkel,Dain,mdain8w@independent.co.uk,Male,$1.72
322,Byram,Wethey,bwethey8x@dion.ne.jp,Male,$14.82
323,Field,Grimsey,fgrimsey8y@goodreads.com,Male,$17.57
324,Delora,Rivlin,drivlin8z@blogger.com,Female,$19.93
325,Demetria,Gozzett,dgozzett90@mashable.com,Female,$86.73
326,Rivkah,Wadman,rwadman91@nhs.uk,Female,$23.50
327,Tallulah,Dinsell,tdinsell92@about.me,Female,$15.08
328,Morissa,Hyland,mhyland93@blinklist.com,Female,$43.51
329,Hetty,Hugk,hhugk94@thetimes.co.uk,Female,$47.72
330,Ingelbert,McKibben,imckibben95@bloomberg.com,Male,$40.04
331,Emmery,Gitthouse,egitthouse96@lycos.com,Male,$74.73
332,Cindi,Westmorland,cwestmorland97@intel.com,Female,$33.13
333,Pippo,Aynold,paynold98@hc360.com,Male,$34.86
334,Joelie,Wallach,jwallach99@netvibes.com,Female,$27.45
335,Brittani,Gouth,bgouth9a@dmoz.org,Female,$70.03
336,Christyna,Balfe,cbalfe9b@gnu.org,Genderqueer,$94.94
337,Noam,Olander,nolander9c@dmoz.org,Genderqueer,$26.91
338,Harrietta,Wahncke,hwahncke9d@guardian.co.uk,Female,$8.23
339,Sancho,Endicott,sendicott9e@indiegogo.com,Male,$44.58
340,Starla,Rotte,srotte9f@baidu.com,Female,$78.00
341,Mick,Dani,mdani9g@skyrock.com,Male,$22.66
342,Janis,Lafont,jlafont9h@deliciousdays.com,Female,$92.19
343,Vassili,Fenner,vfenner9i@g.co,Male,$59.04
344,Almira,Staining,astaining9j@seattletimes.com,Female,$26.96
345,Alden,Chastan,achastan9k@lycos.com,Male,$39.10
346,Jerald,Gannicott,jgannicott9l@zdnet.com,Male,$67.01
347,Devin,Rohloff,drohloff9m@istockphoto.com,Male,$63.87
348,Jule,Urry,jurry9n@hhs.gov,Male,$45.85
349,Paquito,Goffe,pgoffe9o@issuu.com,Male,$93.17
350,Sollie,Shewon,sshewon9p@disqus.com,Male,$79.21
351,Lexi,Durham,ldurham9q@jigsy.com,Female,$1.66
352,Otes,Simkiss,osimkiss9r@state.tx.us,Male,$17.51
353,Michail,Glaister,mglaister9s@cbc.ca,Male,$97.84
354,Palm,McColley,pmccolley9t@trellian.com,Male,$31.58
355,Gaile,Banbrick,gbanbrick9u@ucoz.com,Male,$9.25
356,Faye,Leither,fleither9v@rakuten.co.jp,Female,$74.73
357,Flossy,Ivatt,fivatt9w@nydailynews.com,Female,$67.43
358,Deanna,Ziemke,dziemke9x@hostgator.com,Female,$32.63
359,Pearce,Titcombe,ptitcombe9y@wired.com,Male,$69.01
360,Larina,Elstone,lelstone9z@theglobeandmail.com,Female,$99.84
361,Witty,Moehler,wmoehlera0@ycombinator.com,Male,$39.43
362,Jilleen,Bilovsky,jbilovskya1@posterous.com,Female,$79.57
363,Alasteir,Absalom,aabsaloma2@wunderground.com,Male,$12.34
364,Milzie,Reven,mrevena3@miibeian.gov.cn,Female,$29.60
365,Phyllida,Letterick,plettericka4@princeton.edu,Female,$66.71
366,Red,Rawsthorne,rrawsthornea5@theglobeandmail.com,Male,$59.25
367,Dag,Kilpatrick,dkilpatricka6@shop-pro.jp,Male,$68.24
368,Filberto,McDill,fmcdilla7@trellian.com,Agender,$53.77
369,Torrance,Adamovicz,tadamovicza8@is.gd,Male,$100.00
370,Gawain,Dray,gdraya9@google.es,Male,$55.08
371,Clio,Vasyushkhin,cvasyushkhinaa@ifeng.com,Female,$40.90
372,Fredelia,Riccardo,friccardoab@noaa.gov,Female,$7.63
373,Jeremie,Mantrip,jmantripac@ft.com,Male,$68.66
374,Torin,Beal,tbealad@yandex.ru,Male,$83.88
375,Sapphire,Dami,sdamiae@ox.ac.uk,Polygender,$97.88
376,Lewes,Sparham,lsparhamaf@wikimedia.org,Male,$49.00
377,Meryl,Heighton,mheightonag@hc360.com,Male,$36.24
378,Welsh,Yoseloff,wyoseloffah@apache.org,Male,$22.19
379,Cherilyn,Finnan,cfinnanai@pbs.org,Female,$27.50
380,Estevan,Ricciardello,ericciardelloaj@constantcontact.com,Male,$99.03
381,Adeline,Wisby,awisbyak@nationalgeographic.com,Female,$23.67
382,Beverlee,Stackbridge,bstackbridgeal@sfgate.com,Agender,$34.50
383,Muhammad,Seathwright,mseathwrightam@dion.ne.jp,Agender,$91.52
384,Mark,Le febre,mlefebrean@imageshack.us,Male,$59.54
385,Buffy,Danilov,bdanilovao@engadget.com,Non-binary,$68.01
386,Fletch,Hickeringill,fhickeringillap@cisco.com,Male,$75.79
387,Vernor,Simoes,vsimoesaq@washingtonpost.com,Male,$86.60
388,Aurora,Patty,apattyar@trellian.com,Female,$95.12
389,Sybil,Gilley,sgilleyas@latimes.com,Female,$72.28
390,Yardley,Bull,ybullat@delicious.com,Male,$23.42
391,Hobart,Cathee,hcatheeau@admin.ch,Male,$48.53
392,Merv,Brunnen,mbrunnenav@zdnet.com,Male,$41.82
393,Elmore,Pickworth,epickworthaw@noaa.gov,Male,$26.64
394,Angil,Raffles,arafflesax@home.pl,Genderfluid,$94.79
395,Marsh,Duncombe,mduncombeay@google.fr,Male,$4.84
396,Enos,Mannakee,emannakeeaz@washington.edu,Male,$3.91
397,Clerkclaude,Patters,cpattersb0@bloomberg.com,Genderqueer,$9.61
398,Dionis,D'Antonio,ddantoniob1@rambler.ru,Female,$13.04
399,Grover,Warbey,gwarbeyb2@arizona.edu,Male,$4.55
400,Nicholle,Spoward,nspowardb3@guardian.co.uk,Female,$61.45
401,Leta,Alvarado,lalvaradob4@amazon.co.jp,Female,$51.83
402,Philis,Earthfield,pearthfieldb5@senate.gov,Bigender,$53.03
403,Koenraad,Blanc,kblancb6@addtoany.com,Male,$9.21
404,Morley,Humblestone,mhumblestoneb7@ucla.edu,Male,$22.01
405,Maximilien,Spurnier,mspurnierb8@nymag.com,Male,$29.95
406,Dosi,Poulston,dpoulstonb9@google.ru,Female,$75.96
407,Berny,Tillerton,btillertonba@macromedia.com,Female,$83.82
408,Nils,Croix,ncroixbb@amazon.de,Male,$42.54
409,Elna,Chretien,echretienbc@walmart.com,Female,$52.70
410,Noble,Dabel,ndabelbd@whitehouse.gov,Male,$88.39
411,Cazzie,Le Friec,clefriecbe@nsw.gov.au,Male,$44.12
412,Junia,Drew,jdrewbf@ocn.ne.jp,Female,$28.83
413,Clerkclaude,Paton,cpatonbg@baidu.com,Male,$10.81
414,Angel,Ruxton,aruxtonbh@house.gov,Female,$44.33
415,Isaiah,Hessel,ihesselbi@lycos.com,Male,$55.77
416,Garrek,Greger,ggregerbj@shinystat.com,Male,$41.13
417,Leanor,Pattrick,lpattrickbk@opera.com,Female,$93.53
418,Laverna,Doucette,ldoucettebl@wufoo.com,Female,$22.30
419,Whitby,Trimmell,wtrimmellbm@canalblog.com,Male,$12.56
420,Pepi,Gregs,pgregsbn@nydailynews.com,Female,$13.30
421,Jorge,Lafflin,jlafflinbo@github.com,Male,$39.89
422,Theresa,Lawson,tlawsonbp@bravesites.com,Non-binary,$16.99
423,Janeta,Yuille,jyuillebq@angelfire.com,Female,$83.79
424,Cullan,Havers,chaversbr@ezinearticles.com,Male,$46.27
425,Carolynn,Wheal,cwhealbs@123-reg.co.uk,Female,$7.74
426,Kiley,Steptoe,ksteptoebt@dmoz.org,Female,$28.34
427,Jacquelyn,Frickey,jfrickeybu@sitemeter.com,Female,$23.83
428,Hakeem,Duell,hduellbv@fc2.com,Male,$11.68
429,Irwin,Pitkeathley,ipitkeathleybw@yandex.ru,Male,$4.54
430,Ester,Bullier,ebullierbx@techcrunch.com,Female,$55.40
431,Normie,Tremayne,ntremayneby@123-reg.co.uk,Male,$57.17
432,Ulick,Kirlin,ukirlinbz@hostgator.com,Male,$80.51
433,Hillary,Delnevo,hdelnevoc0@wordpress.org,Male,$4.13
434,Ezechiel,Colleran,ecolleranc1@odnoklassniki.ru,Male,$54.97
435,Debee,Bacup,dbacupc2@intel.com,Non-binary,$90.15
436,Chelsae,Portress,cportressc3@simplemachines.org,Female,$4.68
437,Garrik,Henric,ghenricc4@dagondesign.com,Male,$65.58
438,Emory,Cobelli,ecobellic5@ucsd.edu,Male,$65.33
439,Quintana,Barby,qbarbyc6@jugem.jp,Female,$55.56
440,Temple,Crosston,tcrosstonc7@1688.com,Genderfluid,$18.90
441,Kristo,Sheehan,ksheehanc8@canalblog.com,Male,$91.39
442,Abra,Vaz,avazc9@altervista.org,Female,$67.78
443,Bridgette,Drinan,bdrinanca@bandcamp.com,Female,$61.51
444,Beverley,Sharpus,bsharpuscb@1und1.de,Female,$8.25
445,Constantine,Ferentz,cferentzcc@sitemeter.com,Female,$64.11
446,Theodoric,Edmed,tedmedcd@accuweather.com,Male,$15.89
447,Zachery,Sodo,zsodoce@w3.org,Male,$98.52
448,Renelle,Skelcher,rskelchercf@rakuten.co.jp,Female,$42.46
449,Tonya,Roseblade,trosebladecg@vistaprint.com,Female,$94.87
450,Nydia,Alti,naltich@clickbank.net,Female,$60.28
451,Babb,Driscoll,bdriscollci@goo.ne.jp,Female,$32.88
452,Flore,Belz,fbelzcj@ucla.edu,Female,$26.88
453,Christean,Spore,csporeck@apache.org,Female,$75.26
454,Pauly,Koch,pkochcl@chronoengine.com,Female,$13.29
455,Bernie,Amos,bamoscm@nhs.uk,Male,$15.08
456,Brent,Marcome,bmarcomecn@devhub.com,Male,$62.59
457,Hali,Towndrow,htowndrowco@canalblog.com,Female,$28.49
458,Kalila,Foucar,kfoucarcp@ft.com,Female,$18.31
459,Stephenie,Clulee,scluleecq@comsenz.com,Female,$54.09
460,Jaye,Spadollini,jspadollinicr@yelp.com,Male,$4.25
461,Cyndy,Walling,cwallingcs@noaa.gov,Genderqueer,$45.26
462,Peder,Gloucester,pgloucesterct@jiathis.com,Male,$24.79
463,Joy,Thrussell,jthrussellcu@skype.com,Female,$33.94
464,Dion,Van der Linde,dvanderlindecv@dot.gov,Female,$48.98
465,Arlan,Grigorian,agrigoriancw@ocn.ne.jp,Male,$46.75
466,Faustine,Iacovino,fiacovinocx@eventbrite.com,Female,$67.53
467,Tiffi,Lickorish,tlickorishcy@digg.com,Female,$10.11
468,Petronia,Yakovliv,pyakovlivcz@myspace.com,Genderfluid,$49.31
469,Roman,Love,rloved0@cornell.edu,Male,$72.38
470,Kathy,Atthow,katthowd1@cdbaby.com,Female,$19.46
471,Paloma,Swiggs,pswiggsd2@theatlantic.com,Female,$37.76
472,Blithe,Wilcock,bwilcockd3@imageshack.us,Female,$91.27
473,Royce,Kerman,rkermand4@istockphoto.com,Male,$88.86
474,Nathalia,Yeld,nyeldd5@about.me,Female,$38.62
475,Domeniga,Gorioli,dgoriolid6@drupal.org,Female,$46.76
476,Kassi,Maypole,kmaypoled7@wsj.com,Female,$45.12
477,Maryjane,Featherstonhaugh,mfeatherstonhaughd8@amazonaws.com,Female,$29.39
478,Lyn,Criple,lcripled9@msu.edu,Agender,$61.39
479,Emily,Mozzetti,emozzettida@jigsy.com,Female,$18.64
480,Jeniffer,Berick,jberickdb@surveymonkey.com,Female,$24.22
481,Byrle,Bawme,bbawmedc@dailymotion.com,Male,$54.22
482,Skipton,Pelman,spelmandd@wunderground.com,Male,$72.03
483,Giulio,Strewthers,gstrewthersde@blinklist.com,Male,$41.31
484,Gwynne,Bromidge,gbromidgedf@japanpost.jp,Female,$54.83
485,Jerrome,Dibdin,jdibdindg@networksolutions.com,Male,$53.43
486,Jory,Kunzelmann,jkunzelmanndh@t-online.de,Male,$38.85
487,Russell,Younglove,ryounglovedi@histats.com,Male,$89.71
488,Jay,Brands,jbrandsdj@constantcontact.com,Male,$42.92
489,Nissie,Blakesley,nblakesleydk@psu.edu,Female,$4.02
490,Danni,Skough,dskoughdl@ow.ly,Female,$21.15
491,Devonne,Sewart,dsewartdm@who.int,Female,$12.38
492,Gleda,Haryngton,gharyngtondn@indiegogo.com,Female,$86.95
493,Orelee,Noon,onoondo@zdnet.com,Female,$46.64
494,Cornie,Skepper,cskepperdp@wp.com,Female,$55.18
495,Gery,Marriage,gmarriagedq@nymag.com,Male,$21.44
496,Radcliffe,Alyutin,ralyutindr@ehow.com,Male,$36.07
497,Jackie,Cordelet,jcordeletds@devhub.com,Genderqueer,$20.39
498,Beale,Mongain,bmongaindt@ameblo.jp,Male,$3.83
499,Dottie,O'Sherrin,dosherrindu@webnode.com,Female,$63.17
500,Tabby,Beaten,tbeatendv@sourceforge.net,Female,$32.73
501,Vergil,Churching,vchurchingdw@businessinsider.com,Male,$2.17
502,Starlin,Oguz,soguzdx@phpbb.com,Female,$74.08
503,Opaline,Usherwood,ousherwooddy@histats.com,Female,$73.69
504,Leonora,D'Oyley,ldoyleydz@rediff.com,Female,$49.61
505,Marlane,Sines,msinese0@boston.com,Female,$9.52
506,Bridie,Bamblett,bbamblette1@dailymail.co.uk,Female,$90.91
507,Candis,Lynock,clynocke2@webmd.com,Female,$20.39
508,Deonne,Lymer,dlymere3@oakley.com,Female,$48.97
509,Baudoin,Harrop,bharrope4@instagram.com,Male,$49.10
510,Clare,Ferreiro,cferreiroe5@biglobe.ne.jp,Male,$96.71
511,Les,Laity,llaitye6@vinaora.com,Male,$60.37
512,Deny,Mattusevich,dmattuseviche7@cisco.com,Female,$62.56
513,Farly,Oulner,foulnere8@apple.com,Male,$4.19
514,Delcine,Diego,ddiegoe9@omniture.com,Bigender,$14.99
515,Dannel,Ovett,dovettea@shop-pro.jp,Bigender,$8.85
516,Kay,McKeaney,kmckeaneyeb@kickstarter.com,Female,$69.34
517,Arvy,Reding,aredingec@usnews.com,Male,$97.26
518,Abagael,Mirrlees,amirrleesed@slideshare.net,Female,$27.66
519,Lorine,Cropp,lcroppee@rediff.com,Female,$15.48
520,Guillermo,Reddy,greddyef@businessinsider.com,Male,$2.10
521,Jamie,Borges,jborgeseg@constantcontact.com,Female,$52.31
522,Correna,Tilt,ctilteh@dell.com,Genderqueer,$95.81
523,Haven,Huitson,hhuitsonei@sina.com.cn,Male,$24.75
524,Redd,Konert,rkonertej@examiner.com,Male,$65.81
525,Stephen,Eckert,seckertek@wix.com,Male,$49.40
526,Finlay,Soane,fsoaneel@twitter.com,Male,$49.59
527,Rockwell,Rousell,rrousellem@stumbleupon.com,Male,$6.46
528,Rickard,Bingell,rbingellen@drupal.org,Non-binary,$29.85
529,Shepard,Grint,sgrinteo@usgs.gov,Male,$1.79
530,Kevyn,Pawden,kpawdenep@si.edu,Female,$50.88
531,Juana,Piotr,jpiotreq@princeton.edu,Female,$93.16
532,Ursulina,Joskovitch,ujoskovitcher@latimes.com,Non-binary,$27.54
533,Thorvald,Crossland,tcrosslandes@theglobeandmail.com,Male,$83.30
534,Amerigo,Dedenham,adedenhamet@t-online.de,Agender,$0.44
535,Jasmina,Figgs,jfiggseu@zimbio.com,Female,$10.25
536,Lurleen,Marples,lmarplesev@sitemeter.com,Female,$27.40
537,Colby,Guilaem,cguilaemew@tinypic.com,Male,$9.17
538,Sigfried,Jeannaud,sjeannaudex@nba.com,Polygender,$13.91
539,Sharity,Faulconer,sfaulconerey@mail.ru,Female,$44.66
540,Daffie,Felmingham,dfelminghamez@weather.com,Female,$30.00
541,Ethelbert,Petrashov,epetrashovf0@furl.net,Male,$91.91
542,Felicio,Tootell,ftootellf1@umn.edu,Male,$74.36
543,Nicolais,Westney,nwestneyf2@cam.ac.uk,Male,$5.80
544,Bryna,Doogan,bdooganf3@home.pl,Female,$15.77
545,Anna-diane,Skaife,askaifef4@hostgator.com,Female,$76.75
546,Trish,Ranger,trangerf5@salon.com,Agender,$83.14
547,Boy,Bewfield,bbewfieldf6@hexun.com,Male,$36.87
548,Brent,Van Dijk,bvandijkf7@edublogs.org,Male,$0.74
549,Art,Pannaman,apannamanf8@twitpic.com,Male,$51.25
550,Pernell,Attew,pattewf9@unesco.org,Male,$22.77
551,Valera,Reaper,vreaperfa@house.gov,Female,$78.13
552,Margette,Crole,mcrolefb@youku.com,Bigender,$86.37
553,Laurena,Antosch,lantoschfc@jugem.jp,Female,$14.04
554,Kenton,Foulis,kfoulisfd@aol.com,Male,$30.16
555,Osmund,Cussons,ocussonsfe@biblegateway.com,Male,$12.85
556,Tedmund,Romaine,tromaineff@about.me,Male,$83.82
557,Gordon,Brownsmith,gbrownsmithfg@geocities.com,Male,$71.31
558,Weston,Dunseith,wdunseithfh@godaddy.com,Male,$17.31
559,Anetta,Hearn,ahearnfi@miibeian.gov.cn,Female,$57.65
560,Jemima,Grigoliis,jgrigoliisfj@abc.net.au,Genderqueer,$96.74
561,Emma,Springer,espringerfk@time.com,Female,$13.15
562,Philis,Treslove,ptreslovefl@indiatimes.com,Female,$85.41
563,Chris,Leal,clealfm@live.com,Male,$62.64
564,Olimpia,Vickarman,ovickarmanfn@ucla.edu,Female,$67.21
565,Brigg,Chatel,bchatelfo@gov.uk,Male,$50.52
566,Cristionna,Wickliffe,cwickliffefp@google.co.uk,Female,$72.57
567,Beulah,Chritchlow,bchritchlowfq@nationalgeographic.com,Female,$48.59
568,Gerhard,Lally,glallyfr@prweb.com,Male,$32.45
569,Staci,Chalker,schalkerfs@google.com.au,Female,$5.74
570,Ilyse,Cramond,icramondft@fotki.com,Female,$85.79
571,Woodrow,McEwan,wmcewanfu@umich.edu,Male,$94.52
572,Hanson,Hollows,hhollowsfv@upenn.edu,Bigender,$70.19
573,Roderigo,Lusk,rluskfw@accuweather.com,Male,$46.51
574,Wildon,Hadeke,whadekefx@upenn.edu,Male,$90.04
575,Daloris,Kervin,dkervinfy@about.com,Female,$32.15
576,Kerrin,Comberbach,kcomberbachfz@cnn.com,Female,$11.09
577,Elvira,Padbery,epadberyg0@statcounter.com,Female,$2.44
578,Joshia,Tuffrey,jtuffreyg1@google.es,Male,$94.90
579,Tobey,Penreth,tpenrethg2@seesaa.net,Bigender,$71.12
580,Aeriel,Sawl,asawlg3@blogs.com,Female,$38.16
581,Avigdor,Nappin,anapping4@usgs.gov,Male,$75.21
582,Clemens,Flode,cflodeg5@sina.com.cn,Male,$72.12
583,Sterling,Kubu,skubug6@t.co,Male,$79.76
584,Meg,Farlane,mfarlaneg7@tinypic.com,Female,$2.76
585,Noami,Shermar,nshermarg8@blogspot.com,Female,$25.11
586,Nollie,Srutton,nsruttong9@blog.com,Female,$89.86
587,Terrill,Fitchet,tfitchetga@cdbaby.com,Male,$38.30
588,Madison,Scarborough,mscarboroughgb@macromedia.com,Male,$20.03
589,Stephie,Medina,smedinagc@joomla.org,Female,$28.45
590,Emmanuel,Sutherden,esutherdengd@imdb.com,Male,$2.44
591,Willy,Merrison,wmerrisonge@1688.com,Male,$14.09
592,Charlie,Records,crecordsgf@latimes.com,Male,$35.17
593,Olia,Slyvester,oslyvestergg@hatena.ne.jp,Female,$61.90
594,Hunfredo,Bugbee,hbugbeegh@newsvine.com,Male,$21.48
595,Henryetta,Clowney,hclowneygi@qq.com,Female,$33.21
596,Kaylee,Di Boldi,kdiboldigj@mapy.cz,Female,$1.16
597,Gerick,Glasscoo,gglasscoogk@paypal.com,Male,$45.49
598,Otis,Botting,obottinggl@vk.com,Male,$4.01
599,Belia,Simons,bsimonsgm@com.com,Female,$97.75
600,Lanie,Bangle,lbanglegn@mtv.com,Male,$41.89
